{"cameraMode":{"drawMode":0,"name":"Shaded","section":"Shading Mode"},"sceneLighting":true,"audioPlay":false,"sceneViewState":{"showFog":true,"showMaterialUpdate":false,"showSkybox":true,"showFlares":true,"showImageEffects":true,"showParticleSystems":true},"in2DMode":false,"pivot":{"x":2.6547505855560304,"y":-0.3607504069805145,"z":-0.9466958045959473},"rotation":{"x":-0.17385609447956086,"y":-0.7051218748092651,"z":0.18517085909843446,"w":-0.6620355248451233},"size":4.4936723709106449,"orthographic":false}